{
  "isolation_forest": {
    "model": "IsolationForest baseline",
    "threshold": 0.41000000000000003,
    "precision": 0.1343692870201097,
    "recall": 0.7101449275362319,
    "f1": 0.22598001537279017,
    "accuracy": 0.6644451849383539,
    "roc_auc": 0.7393534800244832,
    "pr_auc": 0.16492775749575755
  },
  "supervised_anomaly": {
    "model": "XGBoost anomaly classifier",
    "threshold": 0.21000000000000002,
    "precision": 0.9257425742574258,
    "recall": 0.9033816425120773,
    "f1": 0.9144254278728606,
    "accuracy": 0.9883372209263579,
    "roc_auc": 0.9950739853170527,
    "pr_auc": 0.9633229140498862
  },
  "recall_biased_anomaly": {
    "model": "XGBoost anomaly classifier recall-biased threshold",
    "threshold": 0.13,
    "precision": 0.8304347826086956,
    "recall": 0.9227053140096618,
    "f1": 0.8741418764302059,
    "accuracy": 0.9816727757414195,
    "roc_auc": 0.9950739853170527,
    "pr_auc": 0.9633229140498862
  },
  "proxy_rul_regression": {
    "mae_observations": 37.13768966677283,
    "rmse_observations": 108.45924251315962,
    "mae_shifts": 0.18568844833386414
  }
}